Time,Response
1.25,1
1.25,1
1.25,1
1.25,1
1.25,1
1.25,1
1.25,0
1,1
1,1
1,1
1,1
1,0
0.833333333,1
0.833333333,1
0.833333333,0
0.833333333,0
0.833333333,0
0.833333333,0
0.714285714,1
0.714285714,1
0.714285714,0
0.714285714,0
0.714285714,0
0.714285714,0
0.625,0
0.625,0
0.625,0
0.625,0
0.4,0
0.4,0
